-- Seed data for development

INSERT INTO users (id, name, email, role) VALUES
  ('a0000000-0000-0000-0000-000000000001', 'Tim Hampton', 'tim@studio.com', 'ADMIN'),
  ('a0000000-0000-0000-0000-000000000002', 'Sarah Chen', 'sarah@studio.com', 'SUPERVISOR'),
  ('a0000000-0000-0000-0000-000000000003', 'Alex Rivera', 'alex@studio.com', 'ARTIST'),
  ('a0000000-0000-0000-0000-000000000004', 'Jordan Mills', 'jordan@client.com', 'CLIENT'),
  ('a0000000-0000-0000-0000-000000000005', 'Casey Brooks', 'casey@studio.com', 'ARTIST');

INSERT INTO projects (id, name, code, status) VALUES
  ('b0000000-0000-0000-0000-000000000001', 'Nebula Rising', 'NEB01', 'ACTIVE'),
  ('b0000000-0000-0000-0000-000000000002', 'Iron Citadel', 'IRON02', 'ACTIVE'),
  ('b0000000-0000-0000-0000-000000000003', 'Whisper Protocol', 'WHSP01', 'ON_HOLD');

INSERT INTO sequences (id, project_id, name, code, sort_order) VALUES
  ('c0000000-0000-0000-0000-000000000001', 'b0000000-0000-0000-0000-000000000001', 'Opening Battle', 'SEQ010', 1),
  ('c0000000-0000-0000-0000-000000000002', 'b0000000-0000-0000-0000-000000000001', 'Space Station', 'SEQ020', 2),
  ('c0000000-0000-0000-0000-000000000003', 'b0000000-0000-0000-0000-000000000001', 'Planet Surface', 'SEQ030', 3),
  ('c0000000-0000-0000-0000-000000000004', 'b0000000-0000-0000-0000-000000000002', 'Fortress Exterior', 'SEQ010', 1),
  ('c0000000-0000-0000-0000-000000000005', 'b0000000-0000-0000-0000-000000000002', 'Interior Hall', 'SEQ020', 2);

INSERT INTO shots (id, sequence_id, code, description, status, complexity, assigned_to_id, due_date, frame_start, frame_end, notes) VALUES
  ('d0000000-0000-0000-0000-000000000001', 'c0000000-0000-0000-0000-000000000001', 'SEQ010_0010', 'Wide establishing — fleet approaching', 'APPROVED', 'HERO', 'a0000000-0000-0000-0000-000000000003', '2024-06-15', 1001, 1120, 'Director wants more debris field density'),
  ('d0000000-0000-0000-0000-000000000002', 'c0000000-0000-0000-0000-000000000001', 'SEQ010_0020', 'CU pilot reaction', 'IN_PROGRESS', 'MEDIUM', 'a0000000-0000-0000-0000-000000000005', '2024-06-20', 1001, 1065, NULL),
  ('d0000000-0000-0000-0000-000000000003', 'c0000000-0000-0000-0000-000000000001', 'SEQ010_0030', 'Missile launch sequence', 'INTERNAL_REVIEW', 'COMPLEX', 'a0000000-0000-0000-0000-000000000003', '2024-06-18', 1001, 1200, 'Smoke trails need reference match'),
  ('d0000000-0000-0000-0000-000000000004', 'c0000000-0000-0000-0000-000000000002', 'SEQ020_0010', 'Station exterior orbit', 'NOT_STARTED', 'HERO', NULL, '2024-07-01', 1001, 1300, NULL),
  ('d0000000-0000-0000-0000-000000000005', 'c0000000-0000-0000-0000-000000000002', 'SEQ020_0020', 'Docking bay door open', 'CLIENT_REVIEW', 'COMPLEX', 'a0000000-0000-0000-0000-000000000005', '2024-06-10', 1001, 1150, 'Client wants to see v003 first'),
  ('d0000000-0000-0000-0000-000000000006', 'c0000000-0000-0000-0000-000000000003', 'SEQ030_0010', 'Hero lands on surface', 'IN_PROGRESS', 'HERO', 'a0000000-0000-0000-0000-000000000003', '2024-06-25', 1001, 1180, NULL),
  ('d0000000-0000-0000-0000-000000000007', 'c0000000-0000-0000-0000-000000000003', 'SEQ030_0020', 'Dust storm reveal', 'FINAL', 'MEDIUM', 'a0000000-0000-0000-0000-000000000005', '2024-05-30', 1001, 1090, NULL),
  ('d0000000-0000-0000-0000-000000000008', 'c0000000-0000-0000-0000-000000000004', 'SEQ010_0010', 'Fortress wide shot', 'NOT_STARTED', 'HERO', NULL, '2024-07-15', 1001, 1250, NULL),
  ('d0000000-0000-0000-0000-000000000009', 'c0000000-0000-0000-0000-000000000004', 'SEQ010_0020', 'Gate mechanism CU', 'IN_PROGRESS', 'COMPLEX', 'a0000000-0000-0000-0000-000000000003', '2024-07-10', 1001, 1080, NULL),
  ('d0000000-0000-0000-0000-000000000010', 'c0000000-0000-0000-0000-000000000005', 'SEQ020_0010', 'Throne room reveal', 'NOT_STARTED', 'HERO', NULL, '2024-07-20', 1001, 1350, 'CG set extension + FX torch fire');

INSERT INTO versions (id, shot_id, version_number, created_by_id, status, description) VALUES
  ('e0000000-0000-0000-0000-000000000001', 'd0000000-0000-0000-0000-000000000001', 1, 'a0000000-0000-0000-0000-000000000003', 'REVISE', 'Initial comp'),
  ('e0000000-0000-0000-0000-000000000002', 'd0000000-0000-0000-0000-000000000001', 2, 'a0000000-0000-0000-0000-000000000003', 'REVISE', 'Updated debris density'),
  ('e0000000-0000-0000-0000-000000000003', 'd0000000-0000-0000-0000-000000000001', 3, 'a0000000-0000-0000-0000-000000000003', 'APPROVED', 'Final tweaks per client notes'),
  ('e0000000-0000-0000-0000-000000000004', 'd0000000-0000-0000-0000-000000000002', 1, 'a0000000-0000-0000-0000-000000000005', 'WIP', 'WIP roto + comp'),
  ('e0000000-0000-0000-0000-000000000005', 'd0000000-0000-0000-0000-000000000003', 1, 'a0000000-0000-0000-0000-000000000003', 'PENDING_REVIEW', 'Smoke sim v1'),
  ('e0000000-0000-0000-0000-000000000006', 'd0000000-0000-0000-0000-000000000005', 1, 'a0000000-0000-0000-0000-000000000005', 'REVISE', 'Door anim + lighting'),
  ('e0000000-0000-0000-0000-000000000007', 'd0000000-0000-0000-0000-000000000005', 2, 'a0000000-0000-0000-0000-000000000005', 'PENDING_REVIEW', 'Updated per supe notes'),
  ('e0000000-0000-0000-0000-000000000008', 'd0000000-0000-0000-0000-000000000007', 1, 'a0000000-0000-0000-0000-000000000005', 'APPROVED', 'Final delivery');

INSERT INTO notes (id, version_id, author_id, content, frame_reference) VALUES
  ('f0000000-0000-0000-0000-000000000001', 'e0000000-0000-0000-0000-000000000001', 'a0000000-0000-0000-0000-000000000002', 'Debris field needs more density in upper-left quadrant. See reference frame 1045.', 1045),
  ('f0000000-0000-0000-0000-000000000002', 'e0000000-0000-0000-0000-000000000002', 'a0000000-0000-0000-0000-000000000002', 'Much better. One more pass on the large chunk at frame 1080 — motion blur looks off.', 1080),
  ('f0000000-0000-0000-0000-000000000003', 'e0000000-0000-0000-0000-000000000003', 'a0000000-0000-0000-0000-000000000004', 'Looks great. Approved.', NULL),
  ('f0000000-0000-0000-0000-000000000004', 'e0000000-0000-0000-0000-000000000005', 'a0000000-0000-0000-0000-000000000002', 'Smoke trails are too uniform. Add variation in density and speed.', 1100);

INSERT INTO deliveries (id, shot_id, version_id, delivered_at, status) VALUES
  ('g0000000-0000-0000-0000-000000000001', 'd0000000-0000-0000-0000-000000000001', 'e0000000-0000-0000-0000-000000000003', '2024-05-22', 'DELIVERED'),
  ('g0000000-0000-0000-0000-000000000002', 'd0000000-0000-0000-0000-000000000007', 'e0000000-0000-0000-0000-000000000008', '2024-05-27', 'ACCEPTED'),
  ('g0000000-0000-0000-0000-000000000003', 'd0000000-0000-0000-0000-000000000005', 'e0000000-0000-0000-0000-000000000007', NULL, 'PENDING'),
  ('g0000000-0000-0000-0000-000000000004', 'd0000000-0000-0000-0000-000000000003', 'e0000000-0000-0000-0000-000000000005', NULL, 'PENDING');
